<?xml version="1.0" encoding="UTF-8"?>
<simplicite xmlns:xsi="http://www.w3.org/2001/XMLSchema-instance" xmlns="http://www.simplicite.fr/base" xsi:schemaLocation="http://www.simplicite.fr/base https://www.simplicite.io/resources/schemas/base.xsd">
<object>
	<name>DemRequest</name>
	<action>upsert</action>
	<data>
		<demReqReference>20REQ00001</demReqReference>
		<demReqTitle>Ordinateur</demReqTitle>
		<demReqType>PURCHASE</demReqType>
		<demReqStatus>CLOSED</demReqStatus>
		<demReqReason><![CDATA[Nouvel arrivant]]></demReqReason>
		<demReqFutherInformation/>
		<demReqRequestDate>2020-06-16</demReqRequestDate>
		<demReqSupplyType>IT</demReqSupplyType>
		<demReqRejectedReasonAdministrator/>
		<demReqRejectedReasonManager/>
	</data>
	<data>
		<demReqReference>20REQ00002</demReqReference>
		<demReqTitle>Bureau </demReqTitle>
		<demReqType>PURCHASE</demReqType>
		<demReqStatus>VALIDATED</demReqStatus>
		<demReqReason><![CDATA[Bureau cassé]]></demReqReason>
		<demReqFutherInformation/>
		<demReqRequestDate>2020-06-16</demReqRequestDate>
		<demReqSupplyType>FURNITURE</demReqSupplyType>
		<demReqRejectedReasonAdministrator/>
		<demReqRejectedReasonManager/>
	</data>
	<data>
		<demReqReference>20REQ00003</demReqReference>
		<demReqTitle>Stylo</demReqTitle>
		<demReqType>PURCHASE</demReqType>
		<demReqStatus>VALIDATED</demReqStatus>
		<demReqReason><![CDATA[Plus de stylo]]></demReqReason>
		<demReqFutherInformation/>
		<demReqRequestDate>2020-06-16</demReqRequestDate>
		<demReqSupplyType>OFFICE</demReqSupplyType>
		<demReqRejectedReasonAdministrator/>
		<demReqRejectedReasonManager/>
	</data>
	<data>
		<demReqReference>20REQ00004</demReqReference>
		<demReqTitle>Armoire </demReqTitle>
		<demReqType>PURCHASE</demReqType>
		<demReqStatus>PROCESSING</demReqStatus>
		<demReqReason><![CDATA[Besoin d'espace de rangement]]></demReqReason>
		<demReqFutherInformation/>
		<demReqRequestDate>2020-06-16</demReqRequestDate>
		<demReqSupplyType>FURNITURE</demReqSupplyType>
		<demReqRejectedReasonAdministrator/>
		<demReqRejectedReasonManager/>
	</data>
	<data>
		<demReqReference>20REQ00005</demReqReference>
		<demReqTitle>Boite d'archive</demReqTitle>
		<demReqType>PURCHASE</demReqType>
		<demReqStatus>PROCESSING</demReqStatus>
		<demReqReason><![CDATA[Archive 2019]]></demReqReason>
		<demReqFutherInformation/>
		<demReqRequestDate>2020-06-16</demReqRequestDate>
		<demReqSupplyType>OFFICE</demReqSupplyType>
		<demReqRejectedReasonAdministrator/>
		<demReqRejectedReasonManager/>
	</data>
	<data>
		<demReqReference>20REQ00006</demReqReference>
		<demReqTitle>Frigo</demReqTitle>
		<demReqType>PURCHASE</demReqType>
		<demReqStatus>REJECTEDMAN</demReqStatus>
		<demReqReason><![CDATA[Pas de frigo pour les déjeuners]]></demReqReason>
		<demReqFutherInformation/>
		<demReqRequestDate>2020-06-16</demReqRequestDate>
		<demReqSupplyType>FURNITURE</demReqSupplyType>
		<demReqRejectedReasonAdministrator/>
		<demReqRejectedReasonManager>NOTNECESSARY</demReqRejectedReasonManager>
	</data>
	<data>
		<demReqReference>20REQ00007</demReqReference>
		<demReqTitle>Voiture</demReqTitle>
		<demReqType>PURCHASE</demReqType>
		<demReqStatus>DRAFT</demReqStatus>
		<demReqReason><![CDATA[Voiture pour les déplacements]]></demReqReason>
		<demReqFutherInformation/>
		<demReqRequestDate>2020-06-16</demReqRequestDate>
		<demReqSupplyType>FURNITURE</demReqSupplyType>
		<demReqRejectedReasonAdministrator/>
		<demReqRejectedReasonManager/>
	</data>
	<data>
		<demReqReference>20REQ00008</demReqReference>
		<demReqTitle>Ordinateur portable</demReqTitle>
		<demReqType>PURCHASE</demReqType>
		<demReqStatus>PENDING</demReqStatus>
		<demReqReason><![CDATA[Nouveau dans le pole]]></demReqReason>
		<demReqFutherInformation><![CDATA[[2020-06-16 15:07 - Designer]
Je préfère un ordinateur portable pour les déplacements

[2020-06-16 15:06 - Designer]
Un ordinateur fixe ne serait pas plus adapté?]]></demReqFutherInformation>
		<demReqRequestDate>2020-06-16</demReqRequestDate>
		<demReqSupplyType>IT</demReqSupplyType>
		<demReqRejectedReasonAdministrator/>
		<demReqRejectedReasonManager/>
	</data>
	<data>
		<demReqReference>20REQ00009</demReqReference>
		<demReqTitle>Clavier</demReqTitle>
		<demReqType>PURCHASE</demReqType>
		<demReqStatus>PENDING</demReqStatus>
		<demReqReason><![CDATA[Ancien cassé]]></demReqReason>
		<demReqFutherInformation/>
		<demReqRequestDate>2020-06-16</demReqRequestDate>
		<demReqSupplyType>IT</demReqSupplyType>
		<demReqRejectedReasonAdministrator/>
		<demReqRejectedReasonManager/>
	</data>
	<data>
		<demReqReference>20REQ00010</demReqReference>
		<demReqTitle>Souris</demReqTitle>
		<demReqType>PURCHASE</demReqType>
		<demReqStatus>REJECTEDADM</demReqStatus>
		<demReqReason/>
		<demReqFutherInformation/>
		<demReqRequestDate>2020-06-16</demReqRequestDate>
		<demReqSupplyType>IT</demReqSupplyType>
		<demReqRejectedReasonAdministrator>UNAVAILABLE</demReqRejectedReasonAdministrator>
		<demReqRejectedReasonManager/>
	</data>
	<data>
		<demReqReference>20REQ00011</demReqReference>
		<demReqTitle>Tableau </demReqTitle>
		<demReqType>PURCHASE</demReqType>
		<demReqStatus>CANCELLED</demReqStatus>
		<demReqReason><![CDATA[Pour les présentations clients]]></demReqReason>
		<demReqFutherInformation/>
		<demReqRequestDate>2020-06-16</demReqRequestDate>
		<demReqSupplyType>OFFICE</demReqSupplyType>
		<demReqRejectedReasonAdministrator/>
		<demReqRejectedReasonManager/>
	</data>
	<data>
		<demReqReference>20REQ00014</demReqReference>
		<demReqTitle>Ordinateur</demReqTitle>
		<demReqType>PURCHASE</demReqType>
		<demReqStatus>VALIDATED</demReqStatus>
		<demReqReason><![CDATA[Cassé]]></demReqReason>
		<demReqFutherInformation/>
		<demReqRequestDate>2020-06-16</demReqRequestDate>
		<demReqSupplyType>IT</demReqSupplyType>
		<demReqRejectedReasonAdministrator/>
		<demReqRejectedReasonManager/>
	</data>
	<data>
		<demReqReference>20REQ00016</demReqReference>
		<demReqTitle>Bureau</demReqTitle>
		<demReqType>PURCHASE</demReqType>
		<demReqStatus>VALIDATED</demReqStatus>
		<demReqReason/>
		<demReqFutherInformation/>
		<demReqRequestDate>2020-06-16</demReqRequestDate>
		<demReqSupplyType>FURNITURE</demReqSupplyType>
		<demReqRejectedReasonAdministrator/>
		<demReqRejectedReasonManager/>
	</data>
</object>
<object>
	<name>DemRental</name>
	<action>upsert</action>
	<data>
		<demRenStartDate>2020-06-17 08:00:00</demRenStartDate>
		<demReqReference>20REQ00012</demReqReference>
		<demRenEndDate>2020-06-21 19:00:00</demRenEndDate>
		<demReqTitle>Enceinte</demReqTitle>
		<demRenEquipmentCondition/>
		<demReqType>RENTAL</demReqType>
		<demReqStatus>CLOSED</demReqStatus>
		<demReqReason><![CDATA[Pot de départ]]></demReqReason>
		<demReqFutherInformation/>
		<demReqRequestDate>2020-06-16</demReqRequestDate>
		<demReqSupplyType>OFFICE</demReqSupplyType>
		<demReqRejectedReasonAdministrator/>
		<demReqRejectedReasonManager/>
	</data>
	<data>
		<demRenStartDate>2020-06-24 08:00:00</demRenStartDate>
		<demReqReference>20REQ00015</demReqReference>
		<demRenEndDate>2020-06-25 20:00:00</demRenEndDate>
		<demReqTitle>Diable</demReqTitle>
		<demRenEquipmentCondition/>
		<demReqType>RENTAL</demReqType>
		<demReqStatus>CLOSED</demReqStatus>
		<demReqReason><![CDATA[Déménagement]]></demReqReason>
		<demReqFutherInformation/>
		<demReqRequestDate>2020-06-16</demReqRequestDate>
		<demReqSupplyType>FURNITURE</demReqSupplyType>
		<demReqRejectedReasonAdministrator/>
		<demReqRejectedReasonManager/>
	</data>
	<data>
		<demRenStartDate>2020-06-08 07:25:00</demRenStartDate>
		<demReqReference>20REQ00017</demReqReference>
		<demRenEndDate>2020-06-17 18:05:00</demRenEndDate>
		<demReqTitle>Tableau</demReqTitle>
		<demRenEquipmentCondition/>
		<demReqType>RENTAL</demReqType>
		<demReqStatus>CLOSED</demReqStatus>
		<demReqReason><![CDATA[Présentation client]]></demReqReason>
		<demReqFutherInformation/>
		<demReqRequestDate>2020-06-16</demReqRequestDate>
		<demReqSupplyType>FURNITURE</demReqSupplyType>
		<demReqRejectedReasonAdministrator/>
		<demReqRejectedReasonManager/>
	</data>
	<data>
		<demRenStartDate>2020-06-21 08:00:00</demRenStartDate>
		<demReqReference>20REQ00018</demReqReference>
		<demRenEndDate>2020-06-23 18:00:00</demRenEndDate>
		<demReqTitle>Ordinateur</demReqTitle>
		<demRenEquipmentCondition/>
		<demReqType>RENTAL</demReqType>
		<demReqStatus>VALIDATED</demReqStatus>
		<demReqReason/>
		<demReqFutherInformation/>
		<demReqRequestDate>2020-06-16</demReqRequestDate>
		<demReqSupplyType>IT</demReqSupplyType>
		<demReqRejectedReasonAdministrator/>
		<demReqRejectedReasonManager/>
	</data>
	<data>
		<demRenStartDate>2020-06-24 07:00:00</demRenStartDate>
		<demReqReference>20REQ00019</demReqReference>
		<demRenEndDate>2020-06-29 08:05:00</demRenEndDate>
		<demReqTitle>Sac ordinateur</demReqTitle>
		<demRenEquipmentCondition/>
		<demReqType>RENTAL</demReqType>
		<demReqStatus>REJECTEDMAN</demReqStatus>
		<demReqReason/>
		<demReqFutherInformation/>
		<demReqRequestDate>2020-06-16</demReqRequestDate>
		<demReqSupplyType>IT</demReqSupplyType>
		<demReqRejectedReasonAdministrator/>
		<demReqRejectedReasonManager>NOTNECESSARY</demReqRejectedReasonManager>
	</data>
	<data>
		<demRenStartDate>2020-07-01 07:30:00</demRenStartDate>
		<demReqReference>20REQ00020</demReqReference>
		<demRenEndDate>2020-07-09 14:25:00</demRenEndDate>
		<demReqTitle>Cable Anti vol</demReqTitle>
		<demRenEquipmentCondition/>
		<demReqType>RENTAL</demReqType>
		<demReqStatus>PENDING</demReqStatus>
		<demReqReason><![CDATA[Déplacement]]></demReqReason>
		<demReqFutherInformation/>
		<demReqRequestDate>2020-06-16</demReqRequestDate>
		<demReqSupplyType>IT</demReqSupplyType>
		<demReqRejectedReasonAdministrator/>
		<demReqRejectedReasonManager/>
	</data>
	<data>
		<demRenStartDate>2020-07-14 08:00:00</demRenStartDate>
		<demReqReference>20REQ00021</demReqReference>
		<demRenEndDate>2020-07-15 19:05:00</demRenEndDate>
		<demReqTitle>Ordinateur portable</demReqTitle>
		<demRenEquipmentCondition/>
		<demReqType>RENTAL</demReqType>
		<demReqStatus>CANCELLED</demReqStatus>
		<demReqReason/>
		<demReqFutherInformation/>
		<demReqRequestDate>2020-06-16</demReqRequestDate>
		<demReqSupplyType>IT</demReqSupplyType>
		<demReqRejectedReasonAdministrator/>
		<demReqRejectedReasonManager/>
	</data>
</object>
<object>
	<name>DemSupplier</name>
	<action>upsert</action>
	<data>
		<demSprName>Four1</demSprName>
		<demSprContactLastName>Do</demSprContactLastName>
		<demSprContactName>John</demSprContactName>
		<demSprContactEmail>adoan@simplicite.fr</demSprContactEmail>
		<demSprContactPhone>0123456789</demSprContactPhone>
	</data>
	<data>
		<demSprName>Dupont and co</demSprName>
		<demSprContactLastName>Dupont</demSprContactLastName>
		<demSprContactName>Jean</demSprContactName>
		<demSprContactEmail>adoan@simplicite.fr</demSprContactEmail>
		<demSprContactPhone>0654364787</demSprContactPhone>
	</data>
	<data>
		<demSprName>Rent and go </demSprName>
		<demSprContactLastName>Rent</demSprContactLastName>
		<demSprContactName>Go</demSprContactName>
		<demSprContactEmail>adoan@simplicite.fr</demSprContactEmail>
		<demSprContactPhone/>
	</data>
</object>
<object>
	<name>DemSupply</name>
	<action>upsert</action>
	<data>
		<demSupReference>20SUP00017</demSupReference>
		<demSupName>IMac apple </demSupName>
		<demSupType>IT</demSupType>
		<demSupDescription><![CDATA[iMac Apple MRT42FN/A Intel Core i5 1 To macOS Mojave]]></demSupDescription>
		<demSupDeliveryTimeDays>14</demSupDeliveryTimeDays>
		<demSupStockQuantity>7</demSupStockQuantity>
		<demSupPrice>1200</demSupPrice>
		<demSupAllocation>PURCHASE</demSupAllocation>
		<demSupSprId.demSprName>Four1</demSupSprId.demSprName>
	</data>
	<data>
		<demSupReference>20SUP00018</demSupReference>
		<demSupName>Stylos bic </demSupName>
		<demSupType>OFFICE</demSupType>
		<demSupDescription><![CDATA[4 couleurs]]></demSupDescription>
		<demSupDeliveryTimeDays>2</demSupDeliveryTimeDays>
		<demSupStockQuantity>5</demSupStockQuantity>
		<demSupPrice>1</demSupPrice>
		<demSupAllocation>PURCHASE</demSupAllocation>
		<demSupSprId.demSprName>Four1</demSupSprId.demSprName>
	</data>
	<data>
		<demSupReference>20SUP00021</demSupReference>
		<demSupName>AudiC3</demSupName>
		<demSupType>FURNITURE</demSupType>
		<demSupDescription><![CDATA[Voiture]]></demSupDescription>
		<demSupDeliveryTimeDays>7</demSupDeliveryTimeDays>
		<demSupStockQuantity>4</demSupStockQuantity>
		<demSupPrice>55000</demSupPrice>
		<demSupAllocation>PURCHASE</demSupAllocation>
		<demSupSprId.demSprName>Four1</demSupSprId.demSprName>
	</data>
	<data>
		<demSupReference>20SUP00020</demSupReference>
		<demSupName>Bureau électrique rectangulaire</demSupName>
		<demSupType>FURNITURE</demSupType>
		<demSupDescription><![CDATA[Bureau électrique Rectangulaire T-Pied Blanc Gautier Office TopLine Imitation merisier, blanc 1 600 x 800 x 750 mm Hauteur Ajustable]]></demSupDescription>
		<demSupDeliveryTimeDays>14</demSupDeliveryTimeDays>
		<demSupStockQuantity>0</demSupStockQuantity>
		<demSupPrice>700</demSupPrice>
		<demSupAllocation>PURCHASE</demSupAllocation>
		<demSupSprId.demSprName>Four1</demSupSprId.demSprName>
	</data>
	<data>
		<demSupReference>20SUP00005</demSupReference>
		<demSupName>Ordinateur portbale Lenovo</demSupName>
		<demSupType>IT</demSupType>
		<demSupDescription><![CDATA[Ordinateur portable Lenovo 81MT0028FR 39,6 cm (15,6") AMD A4-9125 1 Windows 10 Home]]></demSupDescription>
		<demSupDeliveryTimeDays>16</demSupDeliveryTimeDays>
		<demSupStockQuantity>2</demSupStockQuantity>
		<demSupPrice>200</demSupPrice>
		<demSupAllocation>PURCHASE</demSupAllocation>
		<demSupSprId.demSprName>Four1</demSupSprId.demSprName>
	</data>
	<data>
		<demSupReference>20SUP00006</demSupReference>
		<demSupName>Ordinateur portable ASUS</demSupName>
		<demSupType>IT</demSupType>
		<demSupDescription><![CDATA[Ordinateur portable ASUS X409UA-BV050T 35,6 cm (14") Intel Core i3-7020U Windows 10 Famille]]></demSupDescription>
		<demSupDeliveryTimeDays>2</demSupDeliveryTimeDays>
		<demSupStockQuantity>17</demSupStockQuantity>
		<demSupPrice>300</demSupPrice>
		<demSupAllocation>PURCHASE</demSupAllocation>
		<demSupSprId.demSprName>Four1</demSupSprId.demSprName>
	</data>
	<data>
		<demSupReference>20SUP00007</demSupReference>
		<demSupName>Agrafeuse de bureau</demSupName>
		<demSupType>OFFICE</demSupType>
		<demSupDescription><![CDATA[Agrafeuse Niceday 5665 20 Feuilles Noir]]></demSupDescription>
		<demSupDeliveryTimeDays>1</demSupDeliveryTimeDays>
		<demSupStockQuantity>0</demSupStockQuantity>
		<demSupPrice>3</demSupPrice>
		<demSupAllocation>PURCHASE</demSupAllocation>
		<demSupSprId.demSprName>Four1</demSupSprId.demSprName>
	</data>
	<data>
		<demSupReference>20SUP00008</demSupReference>
		<demSupName>Siège de bureau </demSupName>
		<demSupType>FURNITURE</demSupType>
		<demSupDescription><![CDATA[Siège de bureau, Tissu Noir]]></demSupDescription>
		<demSupDeliveryTimeDays>2</demSupDeliveryTimeDays>
		<demSupStockQuantity>20</demSupStockQuantity>
		<demSupPrice>500</demSupPrice>
		<demSupAllocation>PURCHASE</demSupAllocation>
		<demSupSprId.demSprName>Dupont and co</demSupSprId.demSprName>
	</data>
	<data>
		<demSupReference>20SUP00009</demSupReference>
		<demSupName>Armoire haute</demSupName>
		<demSupType>FURNITURE</demSupType>
		<demSupDescription><![CDATA[Armoire haute Acier Porte battante 920 x 420 x 1 800 mm TO GO]]></demSupDescription>
		<demSupDeliveryTimeDays>5</demSupDeliveryTimeDays>
		<demSupStockQuantity>2</demSupStockQuantity>
		<demSupPrice>150</demSupPrice>
		<demSupAllocation>PURCHASE</demSupAllocation>
		<demSupSprId.demSprName>Dupont and co</demSupSprId.demSprName>
	</data>
	<data>
		<demSupReference>20SUP00010</demSupReference>
		<demSupName>Boite d'archive</demSupName>
		<demSupType>OFFICE</demSupType>
		<demSupDescription><![CDATA[Boîte d'archives 16,7 x 33,5 x 24,5 cm Blanc 12 Unités]]></demSupDescription>
		<demSupDeliveryTimeDays>4</demSupDeliveryTimeDays>
		<demSupStockQuantity>31</demSupStockQuantity>
		<demSupPrice>10</demSupPrice>
		<demSupAllocation>PURCHASE</demSupAllocation>
		<demSupSprId.demSprName>Dupont and co</demSupSprId.demSprName>
	</data>
	<data>
		<demSupReference>20SUP00011</demSupReference>
		<demSupName>Imprimante</demSupName>
		<demSupType>OFFICE</demSupType>
		<demSupDescription><![CDATA[Imprimante multifonction HP Deskjet 3750 Couleur Jet d'encre A4]]></demSupDescription>
		<demSupDeliveryTimeDays>14</demSupDeliveryTimeDays>
		<demSupStockQuantity>2</demSupStockQuantity>
		<demSupPrice>50</demSupPrice>
		<demSupAllocation>PURCHASE</demSupAllocation>
		<demSupSprId.demSprName>Dupont and co</demSupSprId.demSprName>
	</data>
	<data>
		<demSupReference>20SUP00012</demSupReference>
		<demSupName>Tableau blanc</demSupName>
		<demSupType>OFFICE</demSupType>
		<demSupDescription><![CDATA[Tableau blanc  Standard Acier Laqué Magnétique 60 x 45 cm]]></demSupDescription>
		<demSupDeliveryTimeDays>13</demSupDeliveryTimeDays>
		<demSupStockQuantity>0</demSupStockQuantity>
		<demSupPrice>20</demSupPrice>
		<demSupAllocation>PURCHASE</demSupAllocation>
		<demSupSprId.demSprName>Dupont and co</demSupSprId.demSprName>
	</data>
	<data>
		<demSupReference>20SUP00013</demSupReference>
		<demSupName>Ordinateur portable</demSupName>
		<demSupType>IT</demSupType>
		<demSupDescription><![CDATA[Ordinateur portable ASUS X705UA-BX402T Intel Core i3-6006U Windows 10 Famille]]></demSupDescription>
		<demSupDeliveryTimeDays>1</demSupDeliveryTimeDays>
		<demSupStockQuantity>20</demSupStockQuantity>
		<demSupPrice>400</demSupPrice>
		<demSupAllocation>RENTAL</demSupAllocation>
		<demSupSprId.demSprName>Rent and go </demSupSprId.demSprName>
	</data>
	<data>
		<demSupReference>20SUP00014</demSupReference>
		<demSupName>Sac ordinateur portable</demSupName>
		<demSupType>IT</demSupType>
		<demSupDescription><![CDATA[Sac multifonction souple Monolith 2375 17 po Nylon Noir 43 x 20 x 32 cm]]></demSupDescription>
		<demSupDeliveryTimeDays>1</demSupDeliveryTimeDays>
		<demSupStockQuantity>6</demSupStockQuantity>
		<demSupPrice>40</demSupPrice>
		<demSupAllocation>RENTAL</demSupAllocation>
		<demSupSprId.demSprName>Rent and go </demSupSprId.demSprName>
	</data>
	<data>
		<demSupReference>20SUP00015</demSupReference>
		<demSupName>Diable</demSupName>
		<demSupType>FURNITURE</demSupType>
		<demSupDescription><![CDATA[Diable escalier ID Branding 53 x 111 x 35 cm]]></demSupDescription>
		<demSupDeliveryTimeDays>1</demSupDeliveryTimeDays>
		<demSupStockQuantity>8</demSupStockQuantity>
		<demSupPrice>100</demSupPrice>
		<demSupAllocation>RENTAL</demSupAllocation>
		<demSupSprId.demSprName>Rent and go </demSupSprId.demSprName>
	</data>
	<data>
		<demSupReference>20SUP00016</demSupReference>
		<demSupName>Réfrigérateur</demSupName>
		<demSupType>FURNITURE</demSupType>
		<demSupDescription><![CDATA[Réfrigérateur ISM45EXL 40]]></demSupDescription>
		<demSupDeliveryTimeDays>20</demSupDeliveryTimeDays>
		<demSupStockQuantity>4</demSupStockQuantity>
		<demSupPrice>200</demSupPrice>
		<demSupAllocation>PURCHASE</demSupAllocation>
		<demSupSprId.demSprName>Four1</demSupSprId.demSprName>
	</data>
	<data>
		<demSupReference>20SUP00001</demSupReference>
		<demSupName>Enceinte sans fil SRSXB01B Sony</demSupName>
		<demSupType>OFFICE</demSupType>
		<demSupDescription><![CDATA[Enceinte sans fil ]]></demSupDescription>
		<demSupDeliveryTimeDays>1</demSupDeliveryTimeDays>
		<demSupStockQuantity>11</demSupStockQuantity>
		<demSupPrice>20</demSupPrice>
		<demSupAllocation>RENTAL</demSupAllocation>
		<demSupSprId.demSprName>Rent and go </demSupSprId.demSprName>
	</data>
	<data>
		<demSupReference>20SUP00022</demSupReference>
		<demSupName>Support pour écran </demSupName>
		<demSupType>OFFICE</demSupType>
		<demSupDescription><![CDATA[Support pour écran  460 x 300 x 145 mm Noir]]></demSupDescription>
		<demSupDeliveryTimeDays>1</demSupDeliveryTimeDays>
		<demSupStockQuantity>10</demSupStockQuantity>
		<demSupPrice>15</demSupPrice>
		<demSupAllocation>RENTAL</demSupAllocation>
		<demSupSprId.demSprName>Dupont and co</demSupSprId.demSprName>
	</data>
	<data>
		<demSupReference>20SUP00023</demSupReference>
		<demSupName>Tableau blanc </demSupName>
		<demSupType>FURNITURE</demSupType>
		<demSupDescription><![CDATA[Tableau blanc 150 x 100 cm]]></demSupDescription>
		<demSupDeliveryTimeDays>1</demSupDeliveryTimeDays>
		<demSupStockQuantity>3</demSupStockQuantity>
		<demSupPrice>100</demSupPrice>
		<demSupAllocation>RENTAL</demSupAllocation>
		<demSupSprId.demSprName>Dupont and co</demSupSprId.demSprName>
	</data>
	<data>
		<demSupReference>20SUP00024</demSupReference>
		<demSupName>Ordinateur portable ASUS</demSupName>
		<demSupType>IT</demSupType>
		<demSupDescription><![CDATA[Ordinateur portable ASUS X409UA-BV050T 35,6 cm (14") Intel Core i3-7020U Windows 10 Famille]]></demSupDescription>
		<demSupDeliveryTimeDays>1</demSupDeliveryTimeDays>
		<demSupStockQuantity>10</demSupStockQuantity>
		<demSupPrice>300</demSupPrice>
		<demSupAllocation>RENTAL</demSupAllocation>
		<demSupSprId.demSprName>Rent and go </demSupSprId.demSprName>
	</data>
	<data>
		<demSupReference>20SUP00025</demSupReference>
		<demSupName>Câble antivol pour ordinateur portable</demSupName>
		<demSupType>IT</demSupType>
		<demSupDescription><![CDATA[Câble antivol pour ordinateur portable Acier 64020 1,8 m]]></demSupDescription>
		<demSupDeliveryTimeDays>1</demSupDeliveryTimeDays>
		<demSupStockQuantity>4</demSupStockQuantity>
		<demSupPrice>40</demSupPrice>
		<demSupAllocation>RENTAL</demSupAllocation>
		<demSupSprId.demSprName>Rent and go </demSupSprId.demSprName>
	</data>
	<data>
		<demSupReference>20SUP00026</demSupReference>
		<demSupName>Étui tablette </demSupName>
		<demSupType>IT</demSupType>
		<demSupDescription><![CDATA[Étui tablette Neoprène Noir]]></demSupDescription>
		<demSupDeliveryTimeDays>1</demSupDeliveryTimeDays>
		<demSupStockQuantity>3</demSupStockQuantity>
		<demSupPrice>2</demSupPrice>
		<demSupAllocation>RENTAL</demSupAllocation>
		<demSupSprId.demSprName>Rent and go </demSupSprId.demSprName>
	</data>
	<data>
		<demSupReference>20SUP00027</demSupReference>
		<demSupName>Câble HDMI </demSupName>
		<demSupType>IT</demSupType>
		<demSupDescription><![CDATA[Câble HDMI Mâle, Mâle grande Vitesse 1,5 m]]></demSupDescription>
		<demSupDeliveryTimeDays>1</demSupDeliveryTimeDays>
		<demSupStockQuantity>5</demSupStockQuantity>
		<demSupPrice>10</demSupPrice>
		<demSupAllocation>RENTAL</demSupAllocation>
		<demSupSprId.demSprName>Rent and go </demSupSprId.demSprName>
	</data>
	<data>
		<demSupReference>20SUP00028</demSupReference>
		<demSupName>Lecteur multicartes</demSupName>
		<demSupType>IT</demSupType>
		<demSupDescription><![CDATA[Lecteur multicartes 19-en-1 Metronic USB]]></demSupDescription>
		<demSupDeliveryTimeDays>1</demSupDeliveryTimeDays>
		<demSupStockQuantity>3</demSupStockQuantity>
		<demSupPrice>8</demSupPrice>
		<demSupAllocation>RENTAL</demSupAllocation>
		<demSupSprId.demSprName>Rent and go </demSupSprId.demSprName>
	</data>
	<data>
		<demSupReference>20SUP00029</demSupReference>
		<demSupName>Clavier et Souris sans-fi</demSupName>
		<demSupType>IT</demSupType>
		<demSupDescription><![CDATA[Clavier et Souris sans-fil KO010846 AZERTY]]></demSupDescription>
		<demSupDeliveryTimeDays>5</demSupDeliveryTimeDays>
		<demSupStockQuantity>7</demSupStockQuantity>
		<demSupPrice>10</demSupPrice>
		<demSupAllocation>PURCHASE</demSupAllocation>
		<demSupSprId.demSprName>Dupont and co</demSupSprId.demSprName>
	</data>
	<data>
		<demSupReference>20SUP00030</demSupReference>
		<demSupName>Ensemble Clavier sans fil et souris </demSupName>
		<demSupType>IT</demSupType>
		<demSupDescription><![CDATA[Ensemble Clavier sans fil et souris Classy AZERTY]]></demSupDescription>
		<demSupDeliveryTimeDays>4</demSupDeliveryTimeDays>
		<demSupStockQuantity>3</demSupStockQuantity>
		<demSupPrice>20</demSupPrice>
		<demSupAllocation>PURCHASE</demSupAllocation>
		<demSupSprId.demSprName>Dupont and co</demSupSprId.demSprName>
	</data>
	<data>
		<demSupReference>20SUP00031</demSupReference>
		<demSupName>Clavier Sans fil Apple </demSupName>
		<demSupType>IT</demSupType>
		<demSupDescription><![CDATA[Clavier Sans fil Apple Magic AZERTY]]></demSupDescription>
		<demSupDeliveryTimeDays>7</demSupDeliveryTimeDays>
		<demSupStockQuantity>10</demSupStockQuantity>
		<demSupPrice>100</demSupPrice>
		<demSupAllocation>PURCHASE</demSupAllocation>
		<demSupSprId.demSprName>Four1</demSupSprId.demSprName>
	</data>
	<data>
		<demSupReference>20SUP00032</demSupReference>
		<demSupName>Souris Sans fil Apple</demSupName>
		<demSupType>IT</demSupType>
		<demSupDescription><![CDATA[Souris Sans fil Apple Magic Mouse 2 Blanc]]></demSupDescription>
		<demSupDeliveryTimeDays>7</demSupDeliveryTimeDays>
		<demSupStockQuantity>10</demSupStockQuantity>
		<demSupPrice>70</demSupPrice>
		<demSupAllocation>PURCHASE</demSupAllocation>
		<demSupSprId.demSprName>Four1</demSupSprId.demSprName>
	</data>
	<data>
		<demSupReference>20SUP00033</demSupReference>
		<demSupName>Mini Souris Sans fil</demSupName>
		<demSupType>IT</demSupType>
		<demSupDescription><![CDATA[Mini Souris Sans fil Noir]]></demSupDescription>
		<demSupDeliveryTimeDays>6</demSupDeliveryTimeDays>
		<demSupStockQuantity>0</demSupStockQuantity>
		<demSupPrice>20</demSupPrice>
		<demSupAllocation>PURCHASE</demSupAllocation>
		<demSupSprId.demSprName>Dupont and co</demSupSprId.demSprName>
	</data>
	<data>
		<demSupReference>20SUP00034</demSupReference>
		<demSupName>Souris Sans fil </demSupName>
		<demSupType>IT</demSupType>
		<demSupDescription><![CDATA[Souris Sans fil Optique X3000 Noir]]></demSupDescription>
		<demSupDeliveryTimeDays>5</demSupDeliveryTimeDays>
		<demSupStockQuantity>6</demSupStockQuantity>
		<demSupPrice>20</demSupPrice>
		<demSupAllocation>PURCHASE</demSupAllocation>
		<demSupSprId.demSprName>Dupont and co</demSupSprId.demSprName>
	</data>
	<data>
		<demSupReference>20SUP00035</demSupReference>
		<demSupName>Clavier  AZERTY</demSupName>
		<demSupType>IT</demSupType>
		<demSupDescription><![CDATA[Clavier  AZERTY]]></demSupDescription>
		<demSupDeliveryTimeDays>3</demSupDeliveryTimeDays>
		<demSupStockQuantity>4</demSupStockQuantity>
		<demSupPrice>10</demSupPrice>
		<demSupAllocation>PURCHASE</demSupAllocation>
		<demSupSprId.demSprName>Dupont and co</demSupSprId.demSprName>
	</data>
	<data>
		<demSupReference>20SUP00036</demSupReference>
		<demSupName>Clavier sans fil Sans fil </demSupName>
		<demSupType>IT</demSupType>
		<demSupDescription><![CDATA[Clavier sans fil Sans fil Bluetooth Mac]]></demSupDescription>
		<demSupDeliveryTimeDays>3</demSupDeliveryTimeDays>
		<demSupStockQuantity>2</demSupStockQuantity>
		<demSupPrice>40</demSupPrice>
		<demSupAllocation>PURCHASE</demSupAllocation>
		<demSupSprId.demSprName>Four1</demSupSprId.demSprName>
	</data>
	<data>
		<demSupReference>20SUP00037</demSupReference>
		<demSupName>Clavier AZERTY</demSupName>
		<demSupType>IT</demSupType>
		<demSupDescription><![CDATA[Clavier Streamline AZERTY]]></demSupDescription>
		<demSupDeliveryTimeDays>3</demSupDeliveryTimeDays>
		<demSupStockQuantity>1</demSupStockQuantity>
		<demSupPrice>5</demSupPrice>
		<demSupAllocation>PURCHASE</demSupAllocation>
		<demSupSprId.demSprName>Dupont and co</demSupSprId.demSprName>
	</data>
</object>
<object>
	<name>DemReqSup</name>
	<action>upsert</action>
	<data>
		<demReqsupReqId.demReqReference>20REQ00001</demReqsupReqId.demReqReference>
		<demReqsupReqId.demReqTitle>Ordinateur</demReqsupReqId.demReqTitle>
		<demReqsupReqId.demReqType>PURCHASE</demReqsupReqId.demReqType>
		<demReqsupReqId.demReqSupplyType>IT</demReqsupReqId.demReqSupplyType>
		<demReqsupSupId.demSupStockQuantity>7</demReqsupSupId.demSupStockQuantity>
		<demReqsupSupId.demSupReference>20SUP00017</demReqsupSupId.demSupReference>
		<demReqsupSupId.demSupSprId.demSprName>Four1</demReqsupSupId.demSupSprId.demSprName>
		<demReqsupSupId.demSupName>IMac apple </demReqsupSupId.demSupName>
		<demReqsupSupId.demSupType>IT</demReqsupSupId.demSupType>
		<demReqsupSupId.demSupAllocation>PURCHASE</demReqsupSupId.demSupAllocation>
		<demReqsupOrderChoice>DECREASESTOCK</demReqsupOrderChoice>
		<demReqsupQuantityOrdered>0</demReqsupQuantityOrdered>
		<demReqsupQuantityRequired>0</demReqsupQuantityRequired>
	</data>
	<data>
		<demReqsupReqId.demReqReference>20REQ00001</demReqsupReqId.demReqReference>
		<demReqsupReqId.demReqTitle>Ordinateur</demReqsupReqId.demReqTitle>
		<demReqsupReqId.demReqType>PURCHASE</demReqsupReqId.demReqType>
		<demReqsupReqId.demReqSupplyType>IT</demReqsupReqId.demReqSupplyType>
		<demReqsupSupId.demSupStockQuantity>10</demReqsupSupId.demSupStockQuantity>
		<demReqsupSupId.demSupReference>20SUP00031</demReqsupSupId.demSupReference>
		<demReqsupSupId.demSupSprId.demSprName>Four1</demReqsupSupId.demSupSprId.demSprName>
		<demReqsupSupId.demSupName>Clavier Sans fil Apple </demReqsupSupId.demSupName>
		<demReqsupSupId.demSupType>IT</demReqsupSupId.demSupType>
		<demReqsupSupId.demSupAllocation>PURCHASE</demReqsupSupId.demSupAllocation>
		<demReqsupOrderChoice>ORDER</demReqsupOrderChoice>
		<demReqsupQuantityOrdered>11</demReqsupQuantityOrdered>
		<demReqsupQuantityRequired>0</demReqsupQuantityRequired>
	</data>
	<data>
		<demReqsupReqId.demReqReference>20REQ00001</demReqsupReqId.demReqReference>
		<demReqsupReqId.demReqTitle>Ordinateur</demReqsupReqId.demReqTitle>
		<demReqsupReqId.demReqType>PURCHASE</demReqsupReqId.demReqType>
		<demReqsupReqId.demReqSupplyType>IT</demReqsupReqId.demReqSupplyType>
		<demReqsupSupId.demSupStockQuantity>10</demReqsupSupId.demSupStockQuantity>
		<demReqsupSupId.demSupReference>20SUP00032</demReqsupSupId.demSupReference>
		<demReqsupSupId.demSupSprId.demSprName>Four1</demReqsupSupId.demSupSprId.demSprName>
		<demReqsupSupId.demSupName>Souris Sans fil Apple</demReqsupSupId.demSupName>
		<demReqsupSupId.demSupType>IT</demReqsupSupId.demSupType>
		<demReqsupSupId.demSupAllocation>PURCHASE</demReqsupSupId.demSupAllocation>
		<demReqsupOrderChoice>ORDER</demReqsupOrderChoice>
		<demReqsupQuantityOrdered>11</demReqsupQuantityOrdered>
		<demReqsupQuantityRequired>0</demReqsupQuantityRequired>
	</data>
	<data>
		<demReqsupReqId.demReqReference>20REQ00002</demReqsupReqId.demReqReference>
		<demReqsupReqId.demReqTitle>Bureau </demReqsupReqId.demReqTitle>
		<demReqsupReqId.demReqType>PURCHASE</demReqsupReqId.demReqType>
		<demReqsupReqId.demReqSupplyType>FURNITURE</demReqsupReqId.demReqSupplyType>
		<demReqsupSupId.demSupStockQuantity>0</demReqsupSupId.demSupStockQuantity>
		<demReqsupSupId.demSupReference>20SUP00020</demReqsupSupId.demSupReference>
		<demReqsupSupId.demSupSprId.demSprName>Four1</demReqsupSupId.demSupSprId.demSprName>
		<demReqsupSupId.demSupName>Bureau électrique rectangulaire</demReqsupSupId.demSupName>
		<demReqsupSupId.demSupType>FURNITURE</demReqsupSupId.demSupType>
		<demReqsupSupId.demSupAllocation>PURCHASE</demReqsupSupId.demSupAllocation>
		<demReqsupOrderChoice/>
		<demReqsupQuantityOrdered/>
		<demReqsupQuantityRequired>1</demReqsupQuantityRequired>
	</data>
	<data>
		<demReqsupReqId.demReqReference>20REQ00003</demReqsupReqId.demReqReference>
		<demReqsupReqId.demReqTitle>Stylo</demReqsupReqId.demReqTitle>
		<demReqsupReqId.demReqType>PURCHASE</demReqsupReqId.demReqType>
		<demReqsupReqId.demReqSupplyType>OFFICE</demReqsupReqId.demReqSupplyType>
		<demReqsupSupId.demSupStockQuantity>5</demReqsupSupId.demSupStockQuantity>
		<demReqsupSupId.demSupReference>20SUP00018</demReqsupSupId.demSupReference>
		<demReqsupSupId.demSupSprId.demSprName>Four1</demReqsupSupId.demSupSprId.demSprName>
		<demReqsupSupId.demSupName>Stylos bic </demReqsupSupId.demSupName>
		<demReqsupSupId.demSupType>OFFICE</demReqsupSupId.demSupType>
		<demReqsupSupId.demSupAllocation>PURCHASE</demReqsupSupId.demSupAllocation>
		<demReqsupOrderChoice/>
		<demReqsupQuantityOrdered/>
		<demReqsupQuantityRequired>10</demReqsupQuantityRequired>
	</data>
	<data>
		<demReqsupReqId.demReqReference>20REQ00004</demReqsupReqId.demReqReference>
		<demReqsupReqId.demReqTitle>Armoire </demReqsupReqId.demReqTitle>
		<demReqsupReqId.demReqType>PURCHASE</demReqsupReqId.demReqType>
		<demReqsupReqId.demReqSupplyType>FURNITURE</demReqsupReqId.demReqSupplyType>
		<demReqsupSupId.demSupStockQuantity>2</demReqsupSupId.demSupStockQuantity>
		<demReqsupSupId.demSupReference>20SUP00009</demReqsupSupId.demSupReference>
		<demReqsupSupId.demSupSprId.demSprName>Dupont and co</demReqsupSupId.demSupSprId.demSprName>
		<demReqsupSupId.demSupName>Armoire haute</demReqsupSupId.demSupName>
		<demReqsupSupId.demSupType>FURNITURE</demReqsupSupId.demSupType>
		<demReqsupSupId.demSupAllocation>PURCHASE</demReqsupSupId.demSupAllocation>
		<demReqsupOrderChoice/>
		<demReqsupQuantityOrdered/>
		<demReqsupQuantityRequired>1</demReqsupQuantityRequired>
	</data>
	<data>
		<demReqsupReqId.demReqReference>20REQ00005</demReqsupReqId.demReqReference>
		<demReqsupReqId.demReqTitle>Boite d'archive</demReqsupReqId.demReqTitle>
		<demReqsupReqId.demReqType>PURCHASE</demReqsupReqId.demReqType>
		<demReqsupReqId.demReqSupplyType>OFFICE</demReqsupReqId.demReqSupplyType>
		<demReqsupSupId.demSupStockQuantity>31</demReqsupSupId.demSupStockQuantity>
		<demReqsupSupId.demSupReference>20SUP00010</demReqsupSupId.demSupReference>
		<demReqsupSupId.demSupSprId.demSprName>Dupont and co</demReqsupSupId.demSupSprId.demSprName>
		<demReqsupSupId.demSupName>Boite d'archive</demReqsupSupId.demSupName>
		<demReqsupSupId.demSupType>OFFICE</demReqsupSupId.demSupType>
		<demReqsupSupId.demSupAllocation>PURCHASE</demReqsupSupId.demSupAllocation>
		<demReqsupOrderChoice/>
		<demReqsupQuantityOrdered/>
		<demReqsupQuantityRequired>5</demReqsupQuantityRequired>
	</data>
	<data>
		<demReqsupReqId.demReqReference>20REQ00006</demReqsupReqId.demReqReference>
		<demReqsupReqId.demReqTitle>Frigo</demReqsupReqId.demReqTitle>
		<demReqsupReqId.demReqType>PURCHASE</demReqsupReqId.demReqType>
		<demReqsupReqId.demReqSupplyType>FURNITURE</demReqsupReqId.demReqSupplyType>
		<demReqsupSupId.demSupStockQuantity>4</demReqsupSupId.demSupStockQuantity>
		<demReqsupSupId.demSupReference>20SUP00016</demReqsupSupId.demSupReference>
		<demReqsupSupId.demSupSprId.demSprName>Four1</demReqsupSupId.demSupSprId.demSprName>
		<demReqsupSupId.demSupName>Réfrigérateur</demReqsupSupId.demSupName>
		<demReqsupSupId.demSupType>FURNITURE</demReqsupSupId.demSupType>
		<demReqsupSupId.demSupAllocation>PURCHASE</demReqsupSupId.demSupAllocation>
		<demReqsupOrderChoice/>
		<demReqsupQuantityOrdered/>
		<demReqsupQuantityRequired>1</demReqsupQuantityRequired>
	</data>
	<data>
		<demReqsupReqId.demReqReference>20REQ00007</demReqsupReqId.demReqReference>
		<demReqsupReqId.demReqTitle>Voiture</demReqsupReqId.demReqTitle>
		<demReqsupReqId.demReqType>PURCHASE</demReqsupReqId.demReqType>
		<demReqsupReqId.demReqSupplyType>FURNITURE</demReqsupReqId.demReqSupplyType>
		<demReqsupSupId.demSupStockQuantity>4</demReqsupSupId.demSupStockQuantity>
		<demReqsupSupId.demSupReference>20SUP00021</demReqsupSupId.demSupReference>
		<demReqsupSupId.demSupSprId.demSprName>Four1</demReqsupSupId.demSupSprId.demSprName>
		<demReqsupSupId.demSupName>AudiC3</demReqsupSupId.demSupName>
		<demReqsupSupId.demSupType>FURNITURE</demReqsupSupId.demSupType>
		<demReqsupSupId.demSupAllocation>PURCHASE</demReqsupSupId.demSupAllocation>
		<demReqsupOrderChoice/>
		<demReqsupQuantityOrdered/>
		<demReqsupQuantityRequired>1</demReqsupQuantityRequired>
	</data>
	<data>
		<demReqsupReqId.demReqReference>20REQ00008</demReqsupReqId.demReqReference>
		<demReqsupReqId.demReqTitle>Ordinateur portable</demReqsupReqId.demReqTitle>
		<demReqsupReqId.demReqType>PURCHASE</demReqsupReqId.demReqType>
		<demReqsupReqId.demReqSupplyType>IT</demReqsupReqId.demReqSupplyType>
		<demReqsupSupId.demSupStockQuantity>17</demReqsupSupId.demSupStockQuantity>
		<demReqsupSupId.demSupReference>20SUP00006</demReqsupSupId.demSupReference>
		<demReqsupSupId.demSupSprId.demSprName>Four1</demReqsupSupId.demSupSprId.demSprName>
		<demReqsupSupId.demSupName>Ordinateur portable ASUS</demReqsupSupId.demSupName>
		<demReqsupSupId.demSupType>IT</demReqsupSupId.demSupType>
		<demReqsupSupId.demSupAllocation>PURCHASE</demReqsupSupId.demSupAllocation>
		<demReqsupOrderChoice/>
		<demReqsupQuantityOrdered/>
		<demReqsupQuantityRequired>1</demReqsupQuantityRequired>
	</data>
	<data>
		<demReqsupReqId.demReqReference>20REQ00009</demReqsupReqId.demReqReference>
		<demReqsupReqId.demReqTitle>Clavier</demReqsupReqId.demReqTitle>
		<demReqsupReqId.demReqType>PURCHASE</demReqsupReqId.demReqType>
		<demReqsupReqId.demReqSupplyType>IT</demReqsupReqId.demReqSupplyType>
		<demReqsupSupId.demSupStockQuantity>4</demReqsupSupId.demSupStockQuantity>
		<demReqsupSupId.demSupReference>20SUP00035</demReqsupSupId.demSupReference>
		<demReqsupSupId.demSupSprId.demSprName>Dupont and co</demReqsupSupId.demSupSprId.demSprName>
		<demReqsupSupId.demSupName>Clavier  AZERTY</demReqsupSupId.demSupName>
		<demReqsupSupId.demSupType>IT</demReqsupSupId.demSupType>
		<demReqsupSupId.demSupAllocation>PURCHASE</demReqsupSupId.demSupAllocation>
		<demReqsupOrderChoice/>
		<demReqsupQuantityOrdered/>
		<demReqsupQuantityRequired>1</demReqsupQuantityRequired>
	</data>
	<data>
		<demReqsupReqId.demReqReference>20REQ00010</demReqsupReqId.demReqReference>
		<demReqsupReqId.demReqTitle>Souris</demReqsupReqId.demReqTitle>
		<demReqsupReqId.demReqType>PURCHASE</demReqsupReqId.demReqType>
		<demReqsupReqId.demReqSupplyType>IT</demReqsupReqId.demReqSupplyType>
		<demReqsupSupId.demSupStockQuantity>6</demReqsupSupId.demSupStockQuantity>
		<demReqsupSupId.demSupReference>20SUP00034</demReqsupSupId.demSupReference>
		<demReqsupSupId.demSupSprId.demSprName>Dupont and co</demReqsupSupId.demSupSprId.demSprName>
		<demReqsupSupId.demSupName>Souris Sans fil </demReqsupSupId.demSupName>
		<demReqsupSupId.demSupType>IT</demReqsupSupId.demSupType>
		<demReqsupSupId.demSupAllocation>PURCHASE</demReqsupSupId.demSupAllocation>
		<demReqsupOrderChoice/>
		<demReqsupQuantityOrdered/>
		<demReqsupQuantityRequired>1</demReqsupQuantityRequired>
	</data>
	<data>
		<demReqsupReqId.demReqReference>20REQ00011</demReqsupReqId.demReqReference>
		<demReqsupReqId.demReqTitle>Tableau </demReqsupReqId.demReqTitle>
		<demReqsupReqId.demReqType>PURCHASE</demReqsupReqId.demReqType>
		<demReqsupReqId.demReqSupplyType>OFFICE</demReqsupReqId.demReqSupplyType>
		<demReqsupSupId.demSupStockQuantity>0</demReqsupSupId.demSupStockQuantity>
		<demReqsupSupId.demSupReference>20SUP00012</demReqsupSupId.demSupReference>
		<demReqsupSupId.demSupSprId.demSprName>Dupont and co</demReqsupSupId.demSupSprId.demSprName>
		<demReqsupSupId.demSupName>Tableau blanc</demReqsupSupId.demSupName>
		<demReqsupSupId.demSupType>OFFICE</demReqsupSupId.demSupType>
		<demReqsupSupId.demSupAllocation>PURCHASE</demReqsupSupId.demSupAllocation>
		<demReqsupOrderChoice/>
		<demReqsupQuantityOrdered/>
		<demReqsupQuantityRequired>1</demReqsupQuantityRequired>
	</data>
	<data>
		<demReqsupReqId.demReqReference>20REQ00012</demReqsupReqId.demReqReference>
		<demReqsupReqId.demReqTitle>Enceinte</demReqsupReqId.demReqTitle>
		<demReqsupReqId.demReqType>RENTAL</demReqsupReqId.demReqType>
		<demReqsupReqId.demReqSupplyType>OFFICE</demReqsupReqId.demReqSupplyType>
		<demReqsupSupId.demSupStockQuantity>11</demReqsupSupId.demSupStockQuantity>
		<demReqsupSupId.demSupReference>20SUP00001</demReqsupSupId.demSupReference>
		<demReqsupSupId.demSupSprId.demSprName>Rent and go </demReqsupSupId.demSupSprId.demSprName>
		<demReqsupSupId.demSupName>Enceinte sans fil SRSXB01B Sony</demReqsupSupId.demSupName>
		<demReqsupSupId.demSupType>OFFICE</demReqsupSupId.demSupType>
		<demReqsupSupId.demSupAllocation>RENTAL</demReqsupSupId.demSupAllocation>
		<demReqsupOrderChoice/>
		<demReqsupQuantityOrdered/>
		<demReqsupQuantityRequired>1</demReqsupQuantityRequired>
	</data>
	<data>
		<demReqsupReqId.demReqReference>20REQ00014</demReqsupReqId.demReqReference>
		<demReqsupReqId.demReqTitle>Ordinateur</demReqsupReqId.demReqTitle>
		<demReqsupReqId.demReqType>PURCHASE</demReqsupReqId.demReqType>
		<demReqsupReqId.demReqSupplyType>IT</demReqsupReqId.demReqSupplyType>
		<demReqsupSupId.demSupStockQuantity>2</demReqsupSupId.demSupStockQuantity>
		<demReqsupSupId.demSupReference>20SUP00005</demReqsupSupId.demSupReference>
		<demReqsupSupId.demSupSprId.demSprName>Four1</demReqsupSupId.demSupSprId.demSprName>
		<demReqsupSupId.demSupName>Ordinateur portbale Lenovo</demReqsupSupId.demSupName>
		<demReqsupSupId.demSupType>IT</demReqsupSupId.demSupType>
		<demReqsupSupId.demSupAllocation>PURCHASE</demReqsupSupId.demSupAllocation>
		<demReqsupOrderChoice/>
		<demReqsupQuantityOrdered/>
		<demReqsupQuantityRequired>1</demReqsupQuantityRequired>
	</data>
	<data>
		<demReqsupReqId.demReqReference>20REQ00015</demReqsupReqId.demReqReference>
		<demReqsupReqId.demReqTitle>Diable</demReqsupReqId.demReqTitle>
		<demReqsupReqId.demReqType>RENTAL</demReqsupReqId.demReqType>
		<demReqsupReqId.demReqSupplyType>FURNITURE</demReqsupReqId.demReqSupplyType>
		<demReqsupSupId.demSupStockQuantity>8</demReqsupSupId.demSupStockQuantity>
		<demReqsupSupId.demSupReference>20SUP00015</demReqsupSupId.demSupReference>
		<demReqsupSupId.demSupSprId.demSprName>Rent and go </demReqsupSupId.demSupSprId.demSprName>
		<demReqsupSupId.demSupName>Diable</demReqsupSupId.demSupName>
		<demReqsupSupId.demSupType>FURNITURE</demReqsupSupId.demSupType>
		<demReqsupSupId.demSupAllocation>RENTAL</demReqsupSupId.demSupAllocation>
		<demReqsupOrderChoice/>
		<demReqsupQuantityOrdered/>
		<demReqsupQuantityRequired>1</demReqsupQuantityRequired>
	</data>
	<data>
		<demReqsupReqId.demReqReference>20REQ00016</demReqsupReqId.demReqReference>
		<demReqsupReqId.demReqTitle>Bureau</demReqsupReqId.demReqTitle>
		<demReqsupReqId.demReqType>PURCHASE</demReqsupReqId.demReqType>
		<demReqsupReqId.demReqSupplyType>FURNITURE</demReqsupReqId.demReqSupplyType>
		<demReqsupSupId.demSupStockQuantity>0</demReqsupSupId.demSupStockQuantity>
		<demReqsupSupId.demSupReference>20SUP00020</demReqsupSupId.demSupReference>
		<demReqsupSupId.demSupSprId.demSprName>Four1</demReqsupSupId.demSupSprId.demSprName>
		<demReqsupSupId.demSupName>Bureau électrique rectangulaire</demReqsupSupId.demSupName>
		<demReqsupSupId.demSupType>FURNITURE</demReqsupSupId.demSupType>
		<demReqsupSupId.demSupAllocation>PURCHASE</demReqsupSupId.demSupAllocation>
		<demReqsupOrderChoice/>
		<demReqsupQuantityOrdered/>
		<demReqsupQuantityRequired>1</demReqsupQuantityRequired>
	</data>
	<data>
		<demReqsupReqId.demReqReference>20REQ00018</demReqsupReqId.demReqReference>
		<demReqsupReqId.demReqTitle>Ordinateur</demReqsupReqId.demReqTitle>
		<demReqsupReqId.demReqType>RENTAL</demReqsupReqId.demReqType>
		<demReqsupReqId.demReqSupplyType>IT</demReqsupReqId.demReqSupplyType>
		<demReqsupSupId.demSupStockQuantity>20</demReqsupSupId.demSupStockQuantity>
		<demReqsupSupId.demSupReference>20SUP00013</demReqsupSupId.demSupReference>
		<demReqsupSupId.demSupSprId.demSprName>Rent and go </demReqsupSupId.demSupSprId.demSprName>
		<demReqsupSupId.demSupName>Ordinateur portable</demReqsupSupId.demSupName>
		<demReqsupSupId.demSupType>IT</demReqsupSupId.demSupType>
		<demReqsupSupId.demSupAllocation>RENTAL</demReqsupSupId.demSupAllocation>
		<demReqsupOrderChoice/>
		<demReqsupQuantityOrdered/>
		<demReqsupQuantityRequired>1</demReqsupQuantityRequired>
	</data>
	<data>
		<demReqsupReqId.demReqReference>20REQ00019</demReqsupReqId.demReqReference>
		<demReqsupReqId.demReqTitle>Sac ordinateur</demReqsupReqId.demReqTitle>
		<demReqsupReqId.demReqType>RENTAL</demReqsupReqId.demReqType>
		<demReqsupReqId.demReqSupplyType>IT</demReqsupReqId.demReqSupplyType>
		<demReqsupSupId.demSupStockQuantity>6</demReqsupSupId.demSupStockQuantity>
		<demReqsupSupId.demSupReference>20SUP00014</demReqsupSupId.demSupReference>
		<demReqsupSupId.demSupSprId.demSprName>Rent and go </demReqsupSupId.demSupSprId.demSprName>
		<demReqsupSupId.demSupName>Sac ordinateur portable</demReqsupSupId.demSupName>
		<demReqsupSupId.demSupType>IT</demReqsupSupId.demSupType>
		<demReqsupSupId.demSupAllocation>RENTAL</demReqsupSupId.demSupAllocation>
		<demReqsupOrderChoice/>
		<demReqsupQuantityOrdered/>
		<demReqsupQuantityRequired>1</demReqsupQuantityRequired>
	</data>
	<data>
		<demReqsupReqId.demReqReference>20REQ00020</demReqsupReqId.demReqReference>
		<demReqsupReqId.demReqTitle>Cable Anti vol</demReqsupReqId.demReqTitle>
		<demReqsupReqId.demReqType>RENTAL</demReqsupReqId.demReqType>
		<demReqsupReqId.demReqSupplyType>IT</demReqsupReqId.demReqSupplyType>
		<demReqsupSupId.demSupStockQuantity>4</demReqsupSupId.demSupStockQuantity>
		<demReqsupSupId.demSupReference>20SUP00025</demReqsupSupId.demSupReference>
		<demReqsupSupId.demSupSprId.demSprName>Rent and go </demReqsupSupId.demSupSprId.demSprName>
		<demReqsupSupId.demSupName>Câble antivol pour ordinateur portable</demReqsupSupId.demSupName>
		<demReqsupSupId.demSupType>IT</demReqsupSupId.demSupType>
		<demReqsupSupId.demSupAllocation>RENTAL</demReqsupSupId.demSupAllocation>
		<demReqsupOrderChoice/>
		<demReqsupQuantityOrdered/>
		<demReqsupQuantityRequired>1</demReqsupQuantityRequired>
	</data>
	<data>
		<demReqsupReqId.demReqReference>20REQ00021</demReqsupReqId.demReqReference>
		<demReqsupReqId.demReqTitle>Ordinateur portable</demReqsupReqId.demReqTitle>
		<demReqsupReqId.demReqType>RENTAL</demReqsupReqId.demReqType>
		<demReqsupReqId.demReqSupplyType>IT</demReqsupReqId.demReqSupplyType>
		<demReqsupSupId.demSupStockQuantity>10</demReqsupSupId.demSupStockQuantity>
		<demReqsupSupId.demSupReference>20SUP00024</demReqsupSupId.demSupReference>
		<demReqsupSupId.demSupSprId.demSprName>Rent and go </demReqsupSupId.demSupSprId.demSprName>
		<demReqsupSupId.demSupName>Ordinateur portable ASUS</demReqsupSupId.demSupName>
		<demReqsupSupId.demSupType>IT</demReqsupSupId.demSupType>
		<demReqsupSupId.demSupAllocation>RENTAL</demReqsupSupId.demSupAllocation>
		<demReqsupOrderChoice/>
		<demReqsupQuantityOrdered/>
		<demReqsupQuantityRequired>1</demReqsupQuantityRequired>
	</data>
</object>
<object>
	<name>DemSprReq</name>
	<action>upsert</action>
	<data>
		<demSprreqSprId.demSprName>Four1</demSprreqSprId.demSprName>
		<demSprreqReqId.demReqReference>20REQ00001</demSprreqReqId.demReqReference>
	</data>
</object>
</simplicite>